day,url
1,https://advent.annasdadpress.com/2026/day/01/
2,https://advent.annasdadpress.com/2026/day/02/
3,https://advent.annasdadpress.com/2026/day/03/
4,https://advent.annasdadpress.com/2026/day/04/
5,https://advent.annasdadpress.com/2026/day/05/
6,https://advent.annasdadpress.com/2026/day/06/
7,https://advent.annasdadpress.com/2026/day/07/
8,https://advent.annasdadpress.com/2026/day/08/
9,https://advent.annasdadpress.com/2026/day/09/
10,https://advent.annasdadpress.com/2026/day/10/
11,https://advent.annasdadpress.com/2026/day/11/
12,https://advent.annasdadpress.com/2026/day/12/
13,https://advent.annasdadpress.com/2026/day/13/
14,https://advent.annasdadpress.com/2026/day/14/
15,https://advent.annasdadpress.com/2026/day/15/
16,https://advent.annasdadpress.com/2026/day/16/
17,https://advent.annasdadpress.com/2026/day/17/
18,https://advent.annasdadpress.com/2026/day/18/
19,https://advent.annasdadpress.com/2026/day/19/
20,https://advent.annasdadpress.com/2026/day/20/
21,https://advent.annasdadpress.com/2026/day/21/
22,https://advent.annasdadpress.com/2026/day/22/
23,https://advent.annasdadpress.com/2026/day/23/
24,https://advent.annasdadpress.com/2026/day/24/
25,https://advent.annasdadpress.com/2026/day/25/
